<?xml version="1.0" encoding="UTF-8" standalone="yes"?>
<addon id="plugin.video.teddyman"
       name="[COLOR gold]teddyman[/COLOR][COLOR blue] 5[/COLOR].[COLOR yellow]4[/COLOR].[COLOR red]0[/COLOR]"
       version="0.0.1"
       provider-name="teddyman">
  <requires>
    <import addon="xbmc.python" version="2.1.0"/>
    <import addon="script.module.beautifulsoup" version="3.2.1"/>
    <import addon="script.module.simple.downloader" version="0.9.4"/>
    <import addon="script.module.beautifulsoup4" />
    <import addon="script.module.requests" />
    <import addon="script.module.httplib2" />
    <import addon="script.module.liveresolver" version="0.1.24" optional="true"/>
    <import addon="script.module.youtube.dl" optional="true"/>
    <import addon="plugin.video.youtube" optional="true" />
    <import addon="script.module.urlresolver" optional="true"/>
    <import addon="script.module.simplejson" />    
     <import addon="script.module.livestreamer" optional="true"/>
     <import addon="script.module.pyamf" optional="true"/>
  </requires>
  <extension point="xbmc.python.pluginsource" library="default.py">
    <provides>video</provides>
  </extension>

  <extension point="xbmc.addon.metadata">
    <summary>Creado por teddyman</summary>
    <description>teddyman 2017</description>
    <platform>all</platform>
  </extension>
</addon>
