<?xml version="1.0" encoding="UTF-8" standalone="yes"?>
<addon id="repository.repoblackthime" name="[COLOR lime]BLACKTHIME Repository[/COLOR] Repo" version="1.0.1" provider-name="BY BLACKTHIME">
    <extension point="xbmc.addon.repository" name="BLACKTHIME Repository">
        <info>https://raw.githubusercontent.com/gojida/newrepo/master/addons.xml</info>
        <checksum>https://raw.githubusercontent.com/gojida/newrepo/master/addons.xml.md5</checksum>
        <datadir zip="true">https://raw.githubusercontent.com/gojida/newrepo/tree/master/repository.teddyman2/</datadir>
    </extension>
    <extension point="xbmc.addon.metadata">
        <summary>TEAM THE BLACK THIME</summary>
        <description></description>
        <disclaimer></disclaimer>
        <platform>all</platform>
    </extension>
</addon>
